song_number,song_title
1,15 seconds of fame
2,a holly jolly christmas
3,a horse with no name
4,a thousand miles
5,a whole new world
6,achy breaky heart
7,adore you
8,adorn
9,aint no sunshine
10,airplanes
11,alejandro
12,all american girl
13,all by myself
14,all i want for christmas
15,all out of love
16,all star
17,all the man i need
18,all the small things
19,alone heart
20,always be my baby
21,always on my mind
22,amazing grace elvis
23,america the beautiful
24,american pie
25,and i am telling you
26,animal
27,apologize
28,applause
29,as long as you love me
30,at last
31,baby bieber
32,baby i love your way
33,baby love
34,baby one more time
35,bad romance
36,beautiful
37,beauty and the beast
38,because of you
39,bed intruder
40,before he cheats
41,behind blue eyes
42,ben
43,best song ever
44,betcha by golly wow
45,billionaire
46,bingo
47,blue christmas
48,blurred lines
49,body party
50,borderline
51,born this way
52,boyfriend
53,brave
54,breakaway
55,breakeven
56,breakfast at tiffanys
57,broken wings
58,bubbly
59,burn
60,bye bye bye
61,call me maybe
62,can you feel love tngt
63,candle in the wind
64,cant fight this feeling
65,cant remember to forget
66,careless whisper
67,castle on a cloud
68,circle of life
69,clarity
70,climax
71,closing time
72,colors of the wind
73,cooler than me
74,count on me
75,counting stars
76,crazy patsy
77,cruise original
78,cups pitch perfect
79,danny boy
80,dark side
81,demons
82,didnt we almost have it
83,disturbia
84,do you hear what i hear
85,dont know why
86,dont let the sun go down
87,dont rain on my parade
88,down
89,drift away
90,drink a beer
91,endless love
92,every rose has its thorn
93,everybody hurts
94,eye of the tiger
95,faith
96,fallin for you
97,feel like makin love
98,fireflies
99,fly away
100,for the first time
101,forget you
102,frere jacques
103,friends in low places
104,from this moment
105,fuckin perfect
106,gangstas paradise
107,georgia on my mind
108,girls just want have fun
109,give your heart a break
110,glad you came
111,god bless the usa
112,good girl
113,gorilla
114,grenade
115,hallelujah
116,hand in my pocket
117,happy
118,hashtag that power
119,have i told you lately
120,head over feet
121,heart attack
122,hero mariah carey
123,hey brother
124,hey there delilah
125,hit me wth your best sht
126,home daughtry
127,home phillip phillips
128,house of the rising sun
129,how great thou art
130,how to save a life
131,how you remind me
132,human
133,hush little baby
134,i believe i can fly
135,i dreamed a dream
136,i hope you dance
137,i look to you
138,i wanna dance with smbdy
139,i want it that way
140,i want to hold your hand
141,i will survive
142,i wont give up
143,if i aint got you
144,ill be
145,im a slave 4 u
146,im yours
147,in my head
148,ironic
149,it will rain
150,its all coming back
151,its time imagine dragons
152,jesus take the wheel
153,jingle bell rock
154,just a kiss
155,just the way you are
156,just the way you are bm
157,just when i needed you
158,killing me softly
159,king of anything
160,kiss me 
161,kiss the girl
162,kryptonite
163,l o v e
164,landslide
165,lean on me
166,let her go
167,let it go
168,let me love you
169,lights ellie
170,linger
171,locked out of heaven
172,losing my religion
173,love me again
174,love somebody 
175,love song
176,love the way you lie
177,love you lk a love song
178,lovefool
179,lucky bs
180,luka
181,making memories of us
182,mamas broken heart
183,marry you
184,merry christmas darling
185,more than this
186,more than words
187,my favorite things
188,my girl
189,my heart will go on
190,name
191,naturally
192,need you now
193,neon lights
194,never say never
195,newyork newyork
196,no air
197,o holy night
198,omg
199,on my own
200,one of us
201,one thing
202,oops i did it again
203,over the rainbow
204,paparazzi
205,part of your world
206,piano man
207,poker face
208,pompeii
209,radioactive
210,rainy days and mondays
211,reflection
212,rehab
213,rocket man
214,row row row your boat
215,runaway train
216,safe and sound capital
217,santeria
218,save th last dance fr me
219,saving all my love for
220,say somethin
221,say something great big
222,seasons of love
223,secrets
224,send in the clowns
225,she will be loved
226,shes always a woman
227,silent night
228,simple man
229,sittin on dock of th bay
230,somebody to love
231,sometimes
232,somewhere only we know
233,songbird
234,stand by me
235,star spangled whitney
236,stay
237,stay rihanna
238,stay with me
239,stronger
240,strongr what doesnt kill
241,summer
242,summertime gershwin
243,summertime sadness
244,super bass
245,sway
246,sweater weather
247,thats the way it is
248,the a team
249,the alphabet song
250,the climb
251,the edge of glory
252,the first cut is deepest
253,the greatest love of all
254,the lazy song
255,the little drummer boy
256,the one i love
257,the rose
258,the way i am
259,the way you look tony
260,the worst
261,this little lght of mine
262,this love
263,top of the world
264,total eclipse of heart
265,toxic
266,treasure bm
267,true colors
268,try
269,twinkle twinkle
270,twist and shout
271,two black cadillacs
272,umbrella
273,under the sea
274,uninvited
275,valerie
276,wake me up
277,want u back
278,wanted
279,weve only just begun
280,what makes you beautiful
281,whatcha say
282,when a man loves a woman
283,when i was your man
284,wherever you will go
285,wind beneath my wings
286,wont go home without you
287,worshipper
288,yesterday once more
289,you and i
290,you are not alone
291,you are so beautiful
292,you drive me crazy
293,you found me
294,you know im no good
295,you make me feel brand
296,you oughta know
297,you raise me up
298,young girls
299,your song
300,youve got a friend in me
301,zombie
